<?xml version="1.0" encoding="UTF-8"?>
<!DOCTYPE mapper PUBLIC "-//mybatis.org//DTD Mapper 3.0//EN" "http://mybatis.org/dtd/mybatis-3-mapper.dtd">
<mapper namespace="com.tedu.mle.dao.DishWithCategoryDAO">
  <resultMap id="BaseResultMap" type="com.tedu.mle.entity.DishWithCategory">
    <id column="id" jdbcType="BIGINT" property="id" />
    <result column="dish_id_f" jdbcType="BIGINT" property="dishIdF" />
    <result column="category_id_f" jdbcType="BIGINT" property="categoryIdF" />
  </resultMap>
  <sql id="Base_Column_List">
    id, dish_id_f, category_id_f
  </sql>
  <select id="selectByPrimaryKey" parameterType="java.lang.Long" resultMap="BaseResultMap">
    select 
    <include refid="Base_Column_List" />
    from dish_with_category
    where id = #{id,jdbcType=BIGINT}
  </select>
  <delete id="deleteByPrimaryKey" parameterType="java.lang.Long">
    delete from dish_with_category
    where id = #{id,jdbcType=BIGINT}
  </delete>
  <insert id="insert" parameterType="com.tedu.mle.entity.DishWithCategory">
    insert into dish_with_category (id, dish_id_f, category_id_f
      )
    values (#{id,jdbcType=BIGINT}, #{dishIdF,jdbcType=BIGINT}, #{categoryIdF,jdbcType=BIGINT}
      )
  </insert>
  <insert id="insertSelective" parameterType="com.tedu.mle.entity.DishWithCategory">
    insert into dish_with_category
    <trim prefix="(" suffix=")" suffixOverrides=",">
      <if test="id != null">
        id,
      </if>
      <if test="dishIdF != null">
        dish_id_f,
      </if>
      <if test="categoryIdF != null">
        category_id_f,
      </if>
    </trim>
    <trim prefix="values (" suffix=")" suffixOverrides=",">
      <if test="id != null">
        #{id,jdbcType=BIGINT},
      </if>
      <if test="dishIdF != null">
        #{dishIdF,jdbcType=BIGINT},
      </if>
      <if test="categoryIdF != null">
        #{categoryIdF,jdbcType=BIGINT},
      </if>
    </trim>
  </insert>
  <update id="updateByPrimaryKeySelective" parameterType="com.tedu.mle.entity.DishWithCategory">
    update dish_with_category
    <set>
      <if test="dishIdF != null">
        dish_id_f = #{dishIdF,jdbcType=BIGINT},
      </if>
      <if test="categoryIdF != null">
        category_id_f = #{categoryIdF,jdbcType=BIGINT},
      </if>
    </set>
    where id = #{id,jdbcType=BIGINT}
  </update>
  <update id="updateByPrimaryKey" parameterType="com.tedu.mle.entity.DishWithCategory">
    update dish_with_category
    set dish_id_f = #{dishIdF,jdbcType=BIGINT},
      category_id_f = #{categoryIdF,jdbcType=BIGINT}
    where id = #{id,jdbcType=BIGINT}
  </update>
</mapper>