<?xml version="1.0" encoding="UTF-8"?>
<!DOCTYPE mapper PUBLIC "-//mybatis.org//DTD Mapper 3.0//EN" "http://mybatis.org/dtd/mybatis-3-mapper.dtd">
<mapper namespace="com.tedu.mle.dao.FatherMenuDAO">
    <resultMap id="BaseResultMap" type="com.tedu.mle.entity.FatherMenu">
        <id column="father_menu_id" jdbcType="BIGINT" property="fatherMenuId"/>
        <result column="shop_id_f" jdbcType="BIGINT" property="shopIdF"/>
        <result column="father_menu_name" jdbcType="VARCHAR" property="fatherMenuName"/>
        <result column="desc" jdbcType="VARCHAR" property="desc"/>
        <result column="state" jdbcType="TINYINT" property="state"/>
        <result column="createtime" jdbcType="DATE" property="createtime"/>
    </resultMap>
    <sql id="Base_Column_List">
        father_menu_id, shop_id_f, father_menu_name, `desc`, `state`, createtime
    </sql>
    <select id="selectByPrimaryKey" parameterType="java.lang.Long" resultMap="BaseResultMap">
        select
        <include refid="Base_Column_List"/>
        from father_menu
        where father_menu_id = #{fatherMenuId,jdbcType=BIGINT}
    </select>
    <select id="selectSelective" resultMap="BaseResultMap" parameterType="com.tedu.mle.entity.FatherMenu">
        select
        <include refid="Base_Column_List"/>
        from father_menu
        <where>
            <if test="fatherMenuId != null">
                and father_menu_id =#{fatherMenuId}
            </if>
            <if test="shopIdF != null">
                and shop_id_f=#{shopIdF,jdbcType=BIGINT}
            </if>
            <if test="fatherMenuName != null">
                and father_menu_name=#{fatherMenuName,jdbcType=VARCHAR}
            </if>
        </where>
    </select>
    <delete id="deleteByPrimaryKey" parameterType="java.lang.Long">
        delete
        from father_menu
        where father_menu_id = #{fatherMenuId,jdbcType=BIGINT}
    </delete>
    <insert id="insert" parameterType="com.tedu.mle.entity.FatherMenu">
        insert into father_menu (father_menu_id, shop_id_f, father_menu_name, `desc`, `state`, createtime)
        values (#{fatherMenuId,jdbcType=BIGINT},
                #{shopIdF,jdbcType=BIGINT},
                #{fatherMenuName,jdbcType=VARCHAR},
                #{desc,jdbcType=VARCHAR},
                #{state,jdbcType=TINYINT},
                #{createtime,jdbcType=DATE})
    </insert>

    <update id="updateByPrimaryKeySelective" parameterType="com.tedu.mle.entity.FatherMenu">
        update father_menu
        <set>
            <if test="shopIdF != null">
                shop_id_f = #{shopIdF,jdbcType=BIGINT},
            </if>
            <if test="fatherMenuName != null">
                father_menu_name = #{fatherMenuName,jdbcType=VARCHAR},
            </if>
            <if test="desc != null">
                `desc` = #{desc,jdbcType=VARCHAR},
            </if>
            <if test="state != null">
                `state` = #{state,jdbcType=TINYINT},
            </if>
            <if test="createtime != null">
                createtime = #{createtime,jdbcType=DATE},
            </if>
        </set>
        where father_menu_id = #{fatherMenuId,jdbcType=BIGINT}
    </update>

</mapper>