<?xml version="1.0" encoding="UTF-8"?>
<!DOCTYPE mapper PUBLIC "-//mybatis.org//DTD Mapper 3.0//EN" "http://mybatis.org/dtd/mybatis-3-mapper.dtd">
<mapper namespace="com.tedu.mle.dao.MleOrderDAO">
  <resultMap id="BaseResultMap" type="com.tedu.mle.entity.MleOrder">
    <id column="order_id" jdbcType="BIGINT" property="orderId" />
    <result column="shop_id_f" jdbcType="BIGINT" property="shopIdF" />
    <result column="user_id_f" jdbcType="BIGINT" property="userIdF" />
    <result column="hourseman_id_f" jdbcType="BIGINT" property="hoursemanIdF" />
    <result column="user_address_id_f" jdbcType="BIGINT" property="userAddressIdF" />
    <result column="state" jdbcType="INTEGER" property="state" />
    <result column="createtime" jdbcType="DATE" property="createtime" />
    <result column="finishtime" jdbcType="DATE" property="finishtime" />
    <result column="exp_time" jdbcType="DATE" property="expTime" />
    <result column="total_price" jdbcType="DOUBLE" property="totalPrice" />
    <result column="shipping_fee" jdbcType="DOUBLE" property="shippingFee" />
    <result column="pay_type_id_f" jdbcType="BIGINT" property="payTypeIdF" />
    <result column="order_type_id_f" jdbcType="BIGINT" property="orderTypeIdF" />
  </resultMap>
  <sql id="Base_Column_List">
    order_id, shop_id_f, user_id_f, hourseman_id_f, user_address_id_f, `state`, createtime, 
    finishtime, exp_time, total_price, shipping_fee, pay_type_id_f, order_type_id_f
  </sql>
  <select id="selectByPrimaryKey" parameterType="java.lang.Long" resultMap="BaseResultMap">
    select 
    <include refid="Base_Column_List" />
    from mle_order
    where order_id = #{orderId,jdbcType=BIGINT}
  </select>
  <delete id="deleteByPrimaryKey" parameterType="java.lang.Long">
    delete from mle_order
    where order_id = #{orderId,jdbcType=BIGINT}
  </delete>
  <insert id="insert" parameterType="com.tedu.mle.entity.MleOrder">
    insert into mle_order (order_id, shop_id_f, user_id_f, 
      hourseman_id_f, user_address_id_f, `state`, 
      createtime, finishtime, exp_time, 
      total_price, shipping_fee, pay_type_id_f, 
      order_type_id_f)
    values (#{orderId,jdbcType=BIGINT}, #{shopIdF,jdbcType=BIGINT}, #{userIdF,jdbcType=BIGINT}, 
      #{hoursemanIdF,jdbcType=BIGINT}, #{userAddressIdF,jdbcType=BIGINT}, #{state,jdbcType=INTEGER}, 
      #{createtime,jdbcType=DATE}, #{finishtime,jdbcType=DATE}, #{expTime,jdbcType=DATE}, 
      #{totalPrice,jdbcType=DOUBLE}, #{shippingFee,jdbcType=DOUBLE}, #{payTypeIdF,jdbcType=BIGINT}, 
      #{orderTypeIdF,jdbcType=BIGINT})
  </insert>
  <insert id="insertSelective" parameterType="com.tedu.mle.entity.MleOrder">
    insert into mle_order
    <trim prefix="(" suffix=")" suffixOverrides=",">
      <if test="orderId != null">
        order_id,
      </if>
      <if test="shopIdF != null">
        shop_id_f,
      </if>
      <if test="userIdF != null">
        user_id_f,
      </if>
      <if test="hoursemanIdF != null">
        hourseman_id_f,
      </if>
      <if test="userAddressIdF != null">
        user_address_id_f,
      </if>
      <if test="state != null">
        `state`,
      </if>
      <if test="createtime != null">
        createtime,
      </if>
      <if test="finishtime != null">
        finishtime,
      </if>
      <if test="expTime != null">
        exp_time,
      </if>
      <if test="totalPrice != null">
        total_price,
      </if>
      <if test="shippingFee != null">
        shipping_fee,
      </if>
      <if test="payTypeIdF != null">
        pay_type_id_f,
      </if>
      <if test="orderTypeIdF != null">
        order_type_id_f,
      </if>
    </trim>
    <trim prefix="values (" suffix=")" suffixOverrides=",">
      <if test="orderId != null">
        #{orderId,jdbcType=BIGINT},
      </if>
      <if test="shopIdF != null">
        #{shopIdF,jdbcType=BIGINT},
      </if>
      <if test="userIdF != null">
        #{userIdF,jdbcType=BIGINT},
      </if>
      <if test="hoursemanIdF != null">
        #{hoursemanIdF,jdbcType=BIGINT},
      </if>
      <if test="userAddressIdF != null">
        #{userAddressIdF,jdbcType=BIGINT},
      </if>
      <if test="state != null">
        #{state,jdbcType=INTEGER},
      </if>
      <if test="createtime != null">
        #{createtime,jdbcType=DATE},
      </if>
      <if test="finishtime != null">
        #{finishtime,jdbcType=DATE},
      </if>
      <if test="expTime != null">
        #{expTime,jdbcType=DATE},
      </if>
      <if test="totalPrice != null">
        #{totalPrice,jdbcType=DOUBLE},
      </if>
      <if test="shippingFee != null">
        #{shippingFee,jdbcType=DOUBLE},
      </if>
      <if test="payTypeIdF != null">
        #{payTypeIdF,jdbcType=BIGINT},
      </if>
      <if test="orderTypeIdF != null">
        #{orderTypeIdF,jdbcType=BIGINT},
      </if>
    </trim>
  </insert>
  <update id="updateByPrimaryKeySelective" parameterType="com.tedu.mle.entity.MleOrder">
    update mle_order
    <set>
      <if test="shopIdF != null">
        shop_id_f = #{shopIdF,jdbcType=BIGINT},
      </if>
      <if test="userIdF != null">
        user_id_f = #{userIdF,jdbcType=BIGINT},
      </if>
      <if test="hoursemanIdF != null">
        hourseman_id_f = #{hoursemanIdF,jdbcType=BIGINT},
      </if>
      <if test="userAddressIdF != null">
        user_address_id_f = #{userAddressIdF,jdbcType=BIGINT},
      </if>
      <if test="state != null">
        `state` = #{state,jdbcType=INTEGER},
      </if>
      <if test="createtime != null">
        createtime = #{createtime,jdbcType=DATE},
      </if>
      <if test="finishtime != null">
        finishtime = #{finishtime,jdbcType=DATE},
      </if>
      <if test="expTime != null">
        exp_time = #{expTime,jdbcType=DATE},
      </if>
      <if test="totalPrice != null">
        total_price = #{totalPrice,jdbcType=DOUBLE},
      </if>
      <if test="shippingFee != null">
        shipping_fee = #{shippingFee,jdbcType=DOUBLE},
      </if>
      <if test="payTypeIdF != null">
        pay_type_id_f = #{payTypeIdF,jdbcType=BIGINT},
      </if>
      <if test="orderTypeIdF != null">
        order_type_id_f = #{orderTypeIdF,jdbcType=BIGINT},
      </if>
    </set>
    where order_id = #{orderId,jdbcType=BIGINT}
  </update>
  <update id="updateByPrimaryKey" parameterType="com.tedu.mle.entity.MleOrder">
    update mle_order
    set shop_id_f = #{shopIdF,jdbcType=BIGINT},
      user_id_f = #{userIdF,jdbcType=BIGINT},
      hourseman_id_f = #{hoursemanIdF,jdbcType=BIGINT},
      user_address_id_f = #{userAddressIdF,jdbcType=BIGINT},
      `state` = #{state,jdbcType=INTEGER},
      createtime = #{createtime,jdbcType=DATE},
      finishtime = #{finishtime,jdbcType=DATE},
      exp_time = #{expTime,jdbcType=DATE},
      total_price = #{totalPrice,jdbcType=DOUBLE},
      shipping_fee = #{shippingFee,jdbcType=DOUBLE},
      pay_type_id_f = #{payTypeIdF,jdbcType=BIGINT},
      order_type_id_f = #{orderTypeIdF,jdbcType=BIGINT}
    where order_id = #{orderId,jdbcType=BIGINT}
  </update>
</mapper>