<?xml version="1.0" encoding="UTF-8"?>
<!DOCTYPE mapper PUBLIC "-//mybatis.org//DTD Mapper 3.0//EN" "http://mybatis.org/dtd/mybatis-3-mapper.dtd">
<mapper namespace="com.tedu.mle.common.dao.OrderTypeDAO">
  <resultMap id="BaseResultMap" type="com.tedu.mle.common.entity.OrderType">
    <id column="order_type_id" jdbcType="BIGINT" property="orderTypeId" />
    <result column="order_type_name" jdbcType="VARCHAR" property="orderTypeName" />
    <result column="desc" jdbcType="VARCHAR" property="desc" />
  </resultMap>
  <sql id="Base_Column_List">
    order_type_id, order_type_name, `desc`
  </sql>
  <select id="selectByPrimaryKey" parameterType="java.lang.Long" resultMap="BaseResultMap">
    select 
    <include refid="Base_Column_List" />
    from order_type
    where order_type_id = #{orderTypeId,jdbcType=BIGINT}
  </select>
  <delete id="deleteByPrimaryKey" parameterType="java.lang.Long">
    delete from order_type
    where order_type_id = #{orderTypeId,jdbcType=BIGINT}
  </delete>
  <insert id="insert" parameterType="com.tedu.mle.common.entity.OrderType">
    insert into order_type (order_type_id, order_type_name, `desc`
      )
    values (#{orderTypeId,jdbcType=BIGINT}, #{orderTypeName,jdbcType=VARCHAR}, #{desc,jdbcType=VARCHAR}
      )
  </insert>
  <insert id="insertSelective" parameterType="com.tedu.mle.common.entity.OrderType">
    insert into order_type
    <trim prefix="(" suffix=")" suffixOverrides=",">
      <if test="orderTypeId != null">
        order_type_id,
      </if>
      <if test="orderTypeName != null">
        order_type_name,
      </if>
      <if test="desc != null">
        `desc`,
      </if>
    </trim>
    <trim prefix="values (" suffix=")" suffixOverrides=",">
      <if test="orderTypeId != null">
        #{orderTypeId,jdbcType=BIGINT},
      </if>
      <if test="orderTypeName != null">
        #{orderTypeName,jdbcType=VARCHAR},
      </if>
      <if test="desc != null">
        #{desc,jdbcType=VARCHAR},
      </if>
    </trim>
  </insert>
  <update id="updateByPrimaryKeySelective" parameterType="com.tedu.mle.common.entity.OrderType">
    update order_type
    <set>
      <if test="orderTypeName != null">
        order_type_name = #{orderTypeName,jdbcType=VARCHAR},
      </if>
      <if test="desc != null">
        `desc` = #{desc,jdbcType=VARCHAR},
      </if>
    </set>
    where order_type_id = #{orderTypeId,jdbcType=BIGINT}
  </update>
  <update id="updateByPrimaryKey" parameterType="com.tedu.mle.common.entity.OrderType">
    update order_type
    set order_type_name = #{orderTypeName,jdbcType=VARCHAR},
      `desc` = #{desc,jdbcType=VARCHAR}
    where order_type_id = #{orderTypeId,jdbcType=BIGINT}
  </update>
</mapper>