<?xml version="1.0" encoding="UTF-8"?>
<!DOCTYPE mapper PUBLIC "-//mybatis.org//DTD Mapper 3.0//EN" "http://mybatis.org/dtd/mybatis-3-mapper.dtd">
<mapper namespace="com.tedu.mle.dao.PayTypeDAO">
  <resultMap id="BaseResultMap" type="com.tedu.mle.entity.PayType">
    <id column="pay_type_id" jdbcType="BIGINT" property="payTypeId" />
    <result column="pay_name" jdbcType="VARCHAR" property="payName" />
    <result column="desc" jdbcType="VARCHAR" property="desc" />
  </resultMap>
  <sql id="Base_Column_List">
    pay_type_id, pay_name, `desc`
  </sql>
  <select id="selectByPrimaryKey" parameterType="java.lang.Long" resultMap="BaseResultMap">
    select 
    <include refid="Base_Column_List" />
    from pay_type
    where pay_type_id = #{payTypeId,jdbcType=BIGINT}
  </select>
  <delete id="deleteByPrimaryKey" parameterType="java.lang.Long">
    delete from pay_type
    where pay_type_id = #{payTypeId,jdbcType=BIGINT}
  </delete>
  <insert id="insert" parameterType="com.tedu.mle.entity.PayType">
    insert into pay_type (pay_type_id, pay_name, `desc`
      )
    values (#{payTypeId,jdbcType=BIGINT}, #{payName,jdbcType=VARCHAR}, #{desc,jdbcType=VARCHAR}
      )
  </insert>
  <insert id="insertSelective" parameterType="com.tedu.mle.entity.PayType">
    insert into pay_type
    <trim prefix="(" suffix=")" suffixOverrides=",">
      <if test="payTypeId != null">
        pay_type_id,
      </if>
      <if test="payName != null">
        pay_name,
      </if>
      <if test="desc != null">
        `desc`,
      </if>
    </trim>
    <trim prefix="values (" suffix=")" suffixOverrides=",">
      <if test="payTypeId != null">
        #{payTypeId,jdbcType=BIGINT},
      </if>
      <if test="payName != null">
        #{payName,jdbcType=VARCHAR},
      </if>
      <if test="desc != null">
        #{desc,jdbcType=VARCHAR},
      </if>
    </trim>
  </insert>
  <update id="updateByPrimaryKeySelective" parameterType="com.tedu.mle.entity.PayType">
    update pay_type
    <set>
      <if test="payName != null">
        pay_name = #{payName,jdbcType=VARCHAR},
      </if>
      <if test="desc != null">
        `desc` = #{desc,jdbcType=VARCHAR},
      </if>
    </set>
    where pay_type_id = #{payTypeId,jdbcType=BIGINT}
  </update>
  <update id="updateByPrimaryKey" parameterType="com.tedu.mle.entity.PayType">
    update pay_type
    set pay_name = #{payName,jdbcType=VARCHAR},
      `desc` = #{desc,jdbcType=VARCHAR}
    where pay_type_id = #{payTypeId,jdbcType=BIGINT}
  </update>
</mapper>