<?xml version="1.0" encoding="UTF-8"?>
<!DOCTYPE mapper PUBLIC "-//mybatis.org//DTD Mapper 3.0//EN" "http://mybatis.org/dtd/mybatis-3-mapper.dtd">
<mapper namespace="com.tedu.mle.dao.RoleDAO">
  <resultMap id="BaseResultMap" type="com.tedu.mle.entity.Role">
    <id column="role_id" jdbcType="BIGINT" property="roleId" />
    <result column="role_name" jdbcType="VARCHAR" property="roleName" />
    <result column="role_desc" jdbcType="VARCHAR" property="roleDesc" />
  </resultMap>
  <sql id="Base_Column_List">
    role_id, role_name, role_desc
  </sql>
  <select id="selectByPrimaryKey" parameterType="java.lang.Long" resultMap="BaseResultMap">
    select 
    <include refid="Base_Column_List" />
    from role
    where role_id = #{roleId,jdbcType=BIGINT}
  </select>
  <delete id="deleteByPrimaryKey" parameterType="java.lang.Long">
    delete from role
    where role_id = #{roleId,jdbcType=BIGINT}
  </delete>
  <insert id="insert" parameterType="com.tedu.mle.entity.Role">
    insert into role (role_id, role_name, role_desc
      )
    values (#{roleId,jdbcType=BIGINT}, #{roleName,jdbcType=VARCHAR}, #{roleDesc,jdbcType=VARCHAR}
      )
  </insert>
  <insert id="insertSelective" parameterType="com.tedu.mle.entity.Role">
    insert into role
    <trim prefix="(" suffix=")" suffixOverrides=",">
      <if test="roleId != null">
        role_id,
      </if>
      <if test="roleName != null">
        role_name,
      </if>
      <if test="roleDesc != null">
        role_desc,
      </if>
    </trim>
    <trim prefix="values (" suffix=")" suffixOverrides=",">
      <if test="roleId != null">
        #{roleId,jdbcType=BIGINT},
      </if>
      <if test="roleName != null">
        #{roleName,jdbcType=VARCHAR},
      </if>
      <if test="roleDesc != null">
        #{roleDesc,jdbcType=VARCHAR},
      </if>
    </trim>
  </insert>
  <update id="updateByPrimaryKeySelective" parameterType="com.tedu.mle.entity.Role">
    update role
    <set>
      <if test="roleName != null">
        role_name = #{roleName,jdbcType=VARCHAR},
      </if>
      <if test="roleDesc != null">
        role_desc = #{roleDesc,jdbcType=VARCHAR},
      </if>
    </set>
    where role_id = #{roleId,jdbcType=BIGINT}
  </update>
  <update id="updateByPrimaryKey" parameterType="com.tedu.mle.entity.Role">
    update role
    set role_name = #{roleName,jdbcType=VARCHAR},
      role_desc = #{roleDesc,jdbcType=VARCHAR}
    where role_id = #{roleId,jdbcType=BIGINT}
  </update>
</mapper>