<?xml version="1.0" encoding="UTF-8"?>
<!DOCTYPE mapper PUBLIC "-//mybatis.org//DTD Mapper 3.0//EN" "http://mybatis.org/dtd/mybatis-3-mapper.dtd">
<mapper namespace="com.tedu.mle.dao.ShopWithCategoryDAO">
  <resultMap id="BaseResultMap" type="com.tedu.mle.entity.ShopWithCategory">
    <id column="id" jdbcType="BIGINT" property="id" />
    <result column="shop_id_f" jdbcType="BIGINT" property="shopIdF" />
    <result column="shop_category_id_f" jdbcType="BIGINT" property="shopCategoryIdF" />
  </resultMap>
  <sql id="Base_Column_List">
    id, shop_id_f, shop_category_id_f
  </sql>
  <select id="selectByPrimaryKey" parameterType="java.lang.Long" resultMap="BaseResultMap">
    select 
    <include refid="Base_Column_List" />
    from shop_with_category
    where id = #{id,jdbcType=BIGINT}
  </select>
  <delete id="deleteByPrimaryKey" parameterType="java.lang.Long">
    delete from shop_with_category
    where id = #{id,jdbcType=BIGINT}
  </delete>
  <insert id="insert" parameterType="com.tedu.mle.entity.ShopWithCategory">
    insert into shop_with_category (id, shop_id_f, shop_category_id_f
      )
    values (#{id,jdbcType=BIGINT}, #{shopIdF,jdbcType=BIGINT}, #{shopCategoryIdF,jdbcType=BIGINT}
      )
  </insert>
  <insert id="insertSelective" parameterType="com.tedu.mle.entity.ShopWithCategory">
    insert into shop_with_category
    <trim prefix="(" suffix=")" suffixOverrides=",">
      <if test="id != null">
        id,
      </if>
      <if test="shopIdF != null">
        shop_id_f,
      </if>
      <if test="shopCategoryIdF != null">
        shop_category_id_f,
      </if>
    </trim>
    <trim prefix="values (" suffix=")" suffixOverrides=",">
      <if test="id != null">
        #{id,jdbcType=BIGINT},
      </if>
      <if test="shopIdF != null">
        #{shopIdF,jdbcType=BIGINT},
      </if>
      <if test="shopCategoryIdF != null">
        #{shopCategoryIdF,jdbcType=BIGINT},
      </if>
    </trim>
  </insert>
  <update id="updateByPrimaryKeySelective" parameterType="com.tedu.mle.entity.ShopWithCategory">
    update shop_with_category
    <set>
      <if test="shopIdF != null">
        shop_id_f = #{shopIdF,jdbcType=BIGINT},
      </if>
      <if test="shopCategoryIdF != null">
        shop_category_id_f = #{shopCategoryIdF,jdbcType=BIGINT},
      </if>
    </set>
    where id = #{id,jdbcType=BIGINT}
  </update>
  <update id="updateByPrimaryKey" parameterType="com.tedu.mle.entity.ShopWithCategory">
    update shop_with_category
    set shop_id_f = #{shopIdF,jdbcType=BIGINT},
      shop_category_id_f = #{shopCategoryIdF,jdbcType=BIGINT}
    where id = #{id,jdbcType=BIGINT}
  </update>
</mapper>