<?xml version="1.0" encoding="UTF-8"?>
<!DOCTYPE mapper PUBLIC "-//mybatis.org//DTD Mapper 3.0//EN" "http://mybatis.org/dtd/mybatis-3-mapper.dtd">
<mapper namespace="com.tedu.mle.dao.ShopDiscountDAO">
    <resultMap id="BaseResultMap" type="com.tedu.mle.entity.ShopDiscount">
        <id column="discount_id" jdbcType="BIGINT" property="discountId"/>
        <result column="discount_name" jdbcType="VARCHAR" property="discountName"/>
        <result column="shop_id_f" jdbcType="BIGINT" property="shopIdF"/>
        <result column="desc" jdbcType="VARCHAR" property="desc"/>
        <result column="percent" jdbcType="DOUBLE" property="percent"/>
        <result column="direct" jdbcType="DOUBLE" property="direct"/>
        <result column="min_price" jdbcType="DOUBLE" property="minPrice"/>
        <result column="createtime" jdbcType="DATE" property="createtime"/>
    </resultMap>
    <sql id="Base_Column_List">
        discount_id, discount_name, shop_id_f, `desc`, `percent`, direct, min_price, createtime
    </sql>
    <select id="selectByPrimaryKey" parameterType="java.lang.Long" resultMap="BaseResultMap">
        select
        <include refid="Base_Column_List"/>
        from shop_discount
        where discount_id = #{discountId,jdbcType=BIGINT}
    </select>
    <delete id="deleteByPrimaryKey" parameterType="java.lang.Long">
        delete
        from shop_discount
        where discount_id = #{discountId,jdbcType=BIGINT}
    </delete>
    <insert id="insert" parameterType="com.tedu.mle.entity.ShopDiscount">
        insert into shop_discount (discount_id,
                                   discount_name,
                                   shop_id_f,
                                   `desc`,
                                   `percent`,
                                   direct,
                                   min_price,
                                   createtime)
        values (#{discountId,jdbcType=BIGINT},
                #{discountName,jdbcType=VARCHAR},
                #{shopIdF,jdbcType=BIGINT},
                #{desc,jdbcType=VARCHAR},
                #{percent,jdbcType=DOUBLE},
                #{direct,jdbcType=DOUBLE},
                #{minPrice,jdbcType=DOUBLE},
                #{createtime,jdbcType=DATE})
    </insert>
    <insert id="insertSelective" parameterType="com.tedu.mle.entity.ShopDiscount">
        insert into shop_discount
        <trim prefix="(" suffix=")" suffixOverrides=",">
            <if test="discountId != null">
                discount_id,
            </if>
            <if test="discountName != null">
                discount_name,
            </if>
            <if test="shopIdF != null">
                shop_id_f,
            </if>
            <if test="desc != null">
                `desc`,
            </if>
            <if test="percent != null">
                `percent`,
            </if>
            <if test="direct != null">
                direct,
            </if>
            <if test="minPrice != null">
                min_price,
            </if>
            <if test="createtime != null">
                createtime,
            </if>
        </trim>
        <trim prefix="values (" suffix=")" suffixOverrides=",">
            <if test="discountId != null">
                #{discountId,jdbcType=BIGINT},
            </if>
            <if test="discountName != null">
                #{discountName,jdbcType=VARCHAR},
            </if>
            <if test="shopIdF != null">
                #{shopIdF,jdbcType=BIGINT},
            </if>
            <if test="desc != null">
                #{desc,jdbcType=VARCHAR},
            </if>
            <if test="percent != null">
                #{percent,jdbcType=DOUBLE},
            </if>
            <if test="direct != null">
                #{direct,jdbcType=DOUBLE},
            </if>
            <if test="minPrice != null">
                #{minPrice,jdbcType=DOUBLE},
            </if>
            <if test="createtime != null">
                #{createtime,jdbcType=DATE},
            </if>
        </trim>
    </insert>
    <update id="updateByPrimaryKeySelective" parameterType="com.tedu.mle.entity.ShopDiscount">
        update shop_discount
        <set>
            <if test="discountName != null">
                discount_name = #{discountName,jdbcType=VARCHAR},
            </if>
            <if test="shopIdF != null">
                shop_id_f = #{shopIdF,jdbcType=BIGINT},
            </if>
            <if test="desc != null">
                `desc` = #{desc,jdbcType=VARCHAR},
            </if>
            <if test="percent != null">
                `percent` = #{percent,jdbcType=DOUBLE},
            </if>
            <if test="direct != null">
                direct = #{direct,jdbcType=DOUBLE},
            </if>
            <if test="minPrice != null">
                min_price = #{minPrice,jdbcType=DOUBLE},
            </if>
            <if test="createtime != null">
                createtime = #{createtime,jdbcType=DATE},
            </if>
        </set>
        where discount_id = #{discountId,jdbcType=BIGINT}
    </update>
    <update id="updateByPrimaryKey" parameterType="com.tedu.mle.entity.ShopDiscount">
        update shop_discount
        set discount_name = #{discountName,jdbcType=VARCHAR},
            shop_id_f     = #{shopIdF,jdbcType=BIGINT},
            `desc`        = #{desc,jdbcType=VARCHAR},
            `percent`     = #{percent,jdbcType=DOUBLE},
            direct        = #{direct,jdbcType=DOUBLE},
            min_price     = #{minPrice,jdbcType=DOUBLE},
            createtime    = #{createtime,jdbcType=DATE}
        where discount_id = #{discountId,jdbcType=BIGINT}
    </update>
</mapper>