<?xml version="1.0" encoding="UTF-8"?>
<!DOCTYPE mapper PUBLIC "-//mybatis.org//DTD Mapper 3.0//EN" "http://mybatis.org/dtd/mybatis-3-mapper.dtd">
<mapper namespace="com.tedu.mle.common.dao.ShopEvaluateDAO">
  <resultMap id="BaseResultMap" type="com.tedu.mle.common.entity.ShopEvaluate">
    <id column="evaluate_id" jdbcType="BIGINT" property="evaluateId" />
    <result column="user_id_f" jdbcType="BIGINT" property="userIdF" />
    <result column="shop_id_f" jdbcType="BIGINT" property="shopIdF" />
    <result column="taste_score" jdbcType="DOUBLE" property="tasteScore" />
    <result column="package_score" jdbcType="DOUBLE" property="packageScore" />
    <result column="main_score" jdbcType="DOUBLE" property="mainScore" />
    <result column="desc" jdbcType="VARCHAR" property="desc" />
    <result column="shop_reply" jdbcType="VARCHAR" property="shopReply" />
    <result column="has_image" jdbcType="BIT" property="hasImage" />
    <result column="createtime" jdbcType="DATE" property="createtime" />
  </resultMap>
  <sql id="Base_Column_List">
    evaluate_id, user_id_f, shop_id_f, taste_score, package_score, main_score, `desc`, 
    shop_reply, has_image, createtime
  </sql>
  <select id="selectByPrimaryKey" parameterType="java.lang.Long" resultMap="BaseResultMap">
    select 
    <include refid="Base_Column_List" />
    from shop_evaluate
    where evaluate_id = #{evaluateId,jdbcType=BIGINT}
  </select>
  <delete id="deleteByPrimaryKey" parameterType="java.lang.Long">
    delete from shop_evaluate
    where evaluate_id = #{evaluateId,jdbcType=BIGINT}
  </delete>
  <insert id="insert" parameterType="com.tedu.mle.common.entity.ShopEvaluate">
    insert into shop_evaluate (evaluate_id, user_id_f, shop_id_f, 
      taste_score, package_score, main_score, 
      `desc`, shop_reply, has_image, 
      createtime)
    values (#{evaluateId,jdbcType=BIGINT}, #{userIdF,jdbcType=BIGINT}, #{shopIdF,jdbcType=BIGINT}, 
      #{tasteScore,jdbcType=DOUBLE}, #{packageScore,jdbcType=DOUBLE}, #{mainScore,jdbcType=DOUBLE}, 
      #{desc,jdbcType=VARCHAR}, #{shopReply,jdbcType=VARCHAR}, #{hasImage,jdbcType=BIT}, 
      #{createtime,jdbcType=DATE})
  </insert>
  <insert id="insertSelective" parameterType="com.tedu.mle.common.entity.ShopEvaluate">
    insert into shop_evaluate
    <trim prefix="(" suffix=")" suffixOverrides=",">
      <if test="evaluateId != null">
        evaluate_id,
      </if>
      <if test="userIdF != null">
        user_id_f,
      </if>
      <if test="shopIdF != null">
        shop_id_f,
      </if>
      <if test="tasteScore != null">
        taste_score,
      </if>
      <if test="packageScore != null">
        package_score,
      </if>
      <if test="mainScore != null">
        main_score,
      </if>
      <if test="desc != null">
        `desc`,
      </if>
      <if test="shopReply != null">
        shop_reply,
      </if>
      <if test="hasImage != null">
        has_image,
      </if>
      <if test="createtime != null">
        createtime,
      </if>
    </trim>
    <trim prefix="values (" suffix=")" suffixOverrides=",">
      <if test="evaluateId != null">
        #{evaluateId,jdbcType=BIGINT},
      </if>
      <if test="userIdF != null">
        #{userIdF,jdbcType=BIGINT},
      </if>
      <if test="shopIdF != null">
        #{shopIdF,jdbcType=BIGINT},
      </if>
      <if test="tasteScore != null">
        #{tasteScore,jdbcType=DOUBLE},
      </if>
      <if test="packageScore != null">
        #{packageScore,jdbcType=DOUBLE},
      </if>
      <if test="mainScore != null">
        #{mainScore,jdbcType=DOUBLE},
      </if>
      <if test="desc != null">
        #{desc,jdbcType=VARCHAR},
      </if>
      <if test="shopReply != null">
        #{shopReply,jdbcType=VARCHAR},
      </if>
      <if test="hasImage != null">
        #{hasImage,jdbcType=BIT},
      </if>
      <if test="createtime != null">
        #{createtime,jdbcType=DATE},
      </if>
    </trim>
  </insert>
  <update id="updateByPrimaryKeySelective" parameterType="com.tedu.mle.common.entity.ShopEvaluate">
    update shop_evaluate
    <set>
      <if test="userIdF != null">
        user_id_f = #{userIdF,jdbcType=BIGINT},
      </if>
      <if test="shopIdF != null">
        shop_id_f = #{shopIdF,jdbcType=BIGINT},
      </if>
      <if test="tasteScore != null">
        taste_score = #{tasteScore,jdbcType=DOUBLE},
      </if>
      <if test="packageScore != null">
        package_score = #{packageScore,jdbcType=DOUBLE},
      </if>
      <if test="mainScore != null">
        main_score = #{mainScore,jdbcType=DOUBLE},
      </if>
      <if test="desc != null">
        `desc` = #{desc,jdbcType=VARCHAR},
      </if>
      <if test="shopReply != null">
        shop_reply = #{shopReply,jdbcType=VARCHAR},
      </if>
      <if test="hasImage != null">
        has_image = #{hasImage,jdbcType=BIT},
      </if>
      <if test="createtime != null">
        createtime = #{createtime,jdbcType=DATE},
      </if>
    </set>
    where evaluate_id = #{evaluateId,jdbcType=BIGINT}
  </update>
  <update id="updateByPrimaryKey" parameterType="com.tedu.mle.common.entity.ShopEvaluate">
    update shop_evaluate
    set user_id_f = #{userIdF,jdbcType=BIGINT},
      shop_id_f = #{shopIdF,jdbcType=BIGINT},
      taste_score = #{tasteScore,jdbcType=DOUBLE},
      package_score = #{packageScore,jdbcType=DOUBLE},
      main_score = #{mainScore,jdbcType=DOUBLE},
      `desc` = #{desc,jdbcType=VARCHAR},
      shop_reply = #{shopReply,jdbcType=VARCHAR},
      has_image = #{hasImage,jdbcType=BIT},
      createtime = #{createtime,jdbcType=DATE}
    where evaluate_id = #{evaluateId,jdbcType=BIGINT}
  </update>
</mapper>