<?xml version="1.0" encoding="UTF-8"?>
<!DOCTYPE mapper PUBLIC "-//mybatis.org//DTD Mapper 3.0//EN" "http://mybatis.org/dtd/mybatis-3-mapper.dtd">
<mapper namespace="com.tedu.mle.dao.UserWithRoleDAO">
  <resultMap id="BaseResultMap" type="com.tedu.mle.entity.UserWithRole">
    <id column="id" jdbcType="BIGINT" property="id" />
    <result column="user_id_f" jdbcType="BIGINT" property="userIdF" />
    <result column="role_id_f" jdbcType="BIGINT" property="roleIdF" />
  </resultMap>
  <sql id="Base_Column_List">
    id, user_id_f, role_id_f
  </sql>
  <select id="selectByPrimaryKey" parameterType="java.lang.Long" resultMap="BaseResultMap">
    select 
    <include refid="Base_Column_List" />
    from user_with_role
    where id = #{id,jdbcType=BIGINT}
  </select>
  <delete id="deleteByPrimaryKey" parameterType="java.lang.Long">
    delete from user_with_role
    where id = #{id,jdbcType=BIGINT}
  </delete>
  <insert id="insert" parameterType="com.tedu.mle.entity.UserWithRole">
    insert into user_with_role (id, user_id_f, role_id_f
      )
    values (#{id,jdbcType=BIGINT}, #{userIdF,jdbcType=BIGINT}, #{roleIdF,jdbcType=BIGINT}
      )
  </insert>
  <insert id="insertSelective" parameterType="com.tedu.mle.entity.UserWithRole">
    insert into user_with_role
    <trim prefix="(" suffix=")" suffixOverrides=",">
      <if test="id != null">
        id,
      </if>
      <if test="userIdF != null">
        user_id_f,
      </if>
      <if test="roleIdF != null">
        role_id_f,
      </if>
    </trim>
    <trim prefix="values (" suffix=")" suffixOverrides=",">
      <if test="id != null">
        #{id,jdbcType=BIGINT},
      </if>
      <if test="userIdF != null">
        #{userIdF,jdbcType=BIGINT},
      </if>
      <if test="roleIdF != null">
        #{roleIdF,jdbcType=BIGINT},
      </if>
    </trim>
  </insert>
  <update id="updateByPrimaryKeySelective" parameterType="com.tedu.mle.entity.UserWithRole">
    update user_with_role
    <set>
      <if test="userIdF != null">
        user_id_f = #{userIdF,jdbcType=BIGINT},
      </if>
      <if test="roleIdF != null">
        role_id_f = #{roleIdF,jdbcType=BIGINT},
      </if>
    </set>
    where id = #{id,jdbcType=BIGINT}
  </update>
  <update id="updateByPrimaryKey" parameterType="com.tedu.mle.entity.UserWithRole">
    update user_with_role
    set user_id_f = #{userIdF,jdbcType=BIGINT},
      role_id_f = #{roleIdF,jdbcType=BIGINT}
    where id = #{id,jdbcType=BIGINT}
  </update>
</mapper>